orderItemId,ean,cancelRequest,quantity,orderId,dateTimeOrderPlaced,countryCode,Courier,Tracking Reference
2288507049,0649106505134,True,1,2492776490,2019-08-19T16:27:42+02:00,BE,EMPTY,EMPTY
2288445700,0649106505332,True,1,2459664510,2019-08-19T14:43:36+02:00,NL,EMPTY,EMPTY
2288245813,0649106504793,True,1,2493351450,2019-08-19T04:29:15+02:00,NL,EMPTY,EMPTY
2287988563,0669145852785,True,1,2492503870,2019-08-18T16:45:19+02:00,NL,EMPTY,EMPTY
2287965853,0669145853034,True,1,2492426480,2019-08-18T16:02:39+02:00,NL,EMPTY,EMPTY
2287385046,0669145852785,True,1,2490421380,2019-08-17T09:22:27+02:00,NL,EMPTY,EMPTY
2285489219,0649106506308,True,1,2483893190,2019-08-13T13:46:20+02:00,NL,EMPTY,EMPTY
