orderItemId,ean,cancelRequest,quantity,orderId,dateTimeOrderPlaced,countryCode,Courier,Tracking Reference,sent,status,description,shipmentid
2288098075,0669145852785,False,1,2492870310,2019-08-18T20:11:40+02:00,NL,GLS,143233976250,True,PENDING,Confirm shipment for order item 2288098075.,
2287885142,0669145852020,False,1,2492152210,2019-08-18T13:39:34+02:00,BE,GLS,143233976779,True,PENDING,Confirm shipment for order item 2287885142.,
2287781074,0649106508166,False,1,2491796740,2019-08-18T10:22:31+02:00,BE,GLS,143233976786,True,PENDING,Confirm shipment for order item 2287781074.,
2287731147,0669145852785,False,1,2486261680,2019-08-18T00:04:04+02:00,NL,GLS,143233976175,True,PENDING,Confirm shipment for order item 2287731147.,
2287678467,0669145852808,False,1,2491443160,2019-08-17T21:16:03+02:00,NL,GLS,143233976748,True,PENDING,Confirm shipment for order item 2287678467.,
2287613019,0649106508623,False,1,2491216460,2019-08-17T18:24:38+02:00,NL,GLS,143233976182,True,PENDING,Confirm shipment for order item 2287613019.,
2287460455,0669145852013,False,1,2490687140,2019-08-17T12:41:49+02:00,NL,GLS,143233976557,True,PENDING,Confirm shipment for order item 2287460455.,
2287419420,0669145852785,False,1,2490539670,2019-08-17T11:05:24+02:00,BE,GLS,143233976199,True,PENDING,Confirm shipment for order item 2287419420.,
2287147431,0669145852785,False,1,2488653060,2019-08-16T16:16:05+02:00,NL,GLS,143233976229,True,PENDING,Confirm shipment for order item 2287147431.,
2287129265,0669145852006,False,1,2489528190,2019-08-16T15:39:37+02:00,NL,GLS,143233976212,True,PENDING,Confirm shipment for order item 2287129265.,
2286901244,0649106508654,False,1,2488730500,2019-08-15T23:30:49+02:00,NL,GLS,143233976564,True,PENDING,Confirm shipment for order item 2286901244.,
2286817783,0669145852785,False,1,2488414360,2019-08-15T21:11:07+02:00,BE,GLS,143233976137,True,PENDING,Confirm shipment for order item 2286817783.,
2286801383,0669145852785,False,1,2488410680,2019-08-15T20:48:07+02:00,NL,GLS,143233976144,True,PENDING,Confirm shipment for order item 2286801383.,
2286754966,0669145852785,False,1,2488247110,2019-08-15T19:36:50+02:00,NL,GLS,143233976151,True,PENDING,Confirm shipment for order item 2286754966.,
2286693124,0669145852785,False,1,2488032970,2019-08-15T17:35:52+02:00,NL,GLS,143233976168,True,PENDING,Confirm shipment for order item 2286693124.,
