orderId,Courier,Tracking Reference,used,description
2493021530,GLS,102986826809,False,not in /orders/
2493243980,GLS,102986826793,False,not in /orders/
2487182390,GLS,102986827189,False,not in /orders/
2490715350,GLS,102986827240,False,not in /orders/
2493196690,GLS,102986827790,False,not in /orders/
2488099150,GLS,102986825307,False,not in /orders/
2487182390,GLS,102986827196,False,not in /orders/
2490118840,GLS,102986825994,False,not in /orders/
2492845830,GLS,102986826823,False,not in /orders/
2488080660,GLS,102986827059,False,not in /orders/
2488164050,GLS,102986827707,False,not in /orders/
2491339490,GLS,102986825871,False,not in /orders/
2491339490,GLS,102986825888,False,not in /orders/
2468917070,GLS,102986827721,False,not in /orders/
2442498800,GLS,102986827745,False,not in /orders/
2492599260,GLS,102986827806,False,not in /orders/
2491158580,GLS,102986826687,False,not in /orders/
2492394120,GLS,102986828018,False,not in /orders/
2491103790,GLS,102986828001,False,not in /orders/
2443223100,GLS,102986827738,False,not in /orders/
2492669670,GLS,102986826540,False,not in /orders/
2490118840,GLS,102986826007,False,not in /orders/
2491377400,GLS,102986826663,False,not in /orders/
2489420340,GLS,102986826748,False,not in /orders/
2489186390,GLS,102986826762,False,not in /orders/
2492672060,GLS,102986826830,False,not in /orders/
2488410680,GLS,143233976144,True,not in /orders/
2488247110,GLS,143233976151,True,not in /orders/
2492503870,GLS,143233976267,False,cancel request
2488875490,GLS,102986825338,False,not in /orders/
2488965410,GLS,102986826786,False,not in /orders/
2491317520,GLS,102986827066,False,not in /orders/
2491182910,GLS,102986827998,False,not in /orders/
2491125200,GLS,102986826175,False,not in /orders/
2491216460,GLS,143233976182,True,not in /orders/
2490956640,GLS,102986827752,False,not in /orders/
2491443160,GLS,143233976748,True,not in /orders/
2490762000,GLS,102986827233,False,not in /orders/
2490590760,GLS,102986827776,False,not in /orders/
2490711760,GLS,102986827257,False,not in /orders/
2490590760,GLS,102986827769,False,not in /orders/
2490483930,GLS,102986827073,False,not in /orders/
2490539670,GLS,143233976199,True,not in /orders/
2490421380,GLS,143233976205,False,cancel request
2490687140,GLS,143233976557,True,not in /orders/
2490293040,GLS,102986827264,False,not in /orders/
2491796740,GLS,143233976786,True,not in /orders/
2490091770,GLS,102986827271,False,not in /orders/
2489583500,GLS,102986825321,False,not in /orders/
2489528190,GLS,143233976212,True,not in /orders/
2489545470,GLS,102986827288,False,not in /orders/
2489545470,GLS,102986827295,False,not in /orders/
2489327570,GLS,102986827615,False,not in /orders/
2489277390,GLS,102986827301,False,not in /orders/
2492390350,GLS,102986826557,False,not in /orders/
2491433770,GLS,102986826656,False,not in /orders/
2493017930,GLS,102986826816,False,not in /orders/
2492608500,GLS,102986826847,False,not in /orders/
2492072120,GLS,102986826854,False,not in /orders/
2490212970,GLS,102986826724,False,not in /orders/
2490204230,GLS,102986826731,False,not in /orders/
2490221660,GLS,102986827080,False,not in /orders/
2478324960,GLS,102986827226,False,not in /orders/
2489202840,GLS,102986826755,False,not in /orders/
2489455800,GLS,352559795548,False,not in /orders/
2492631050,GLS,352559795586,False,not in /orders/
2492426480,GLS,352559795593,False,cancel request
2488706580,GLS,352559795494,False,not in /orders/
2488217660,GLS,352559795562,False,not in /orders/
2489203410,GLS,352559795579,False,not in /orders/
2491755810,GLS,352559796132,False,not in /orders/
2485625620,GLS,352559796033,False,not in /orders/
2483008100,GLS,352559797245,False,not in /orders/
2485044770,GLS,352559797115,False,not in /orders/
2489131270,GLS,102986827103,False,not in /orders/
2494867440,GLS,352559801423,False,not in /orders/
2494890040,GLS,352559801669,False,not in /orders/
2494849940,GLS,352559801881,False,not in /orders/
2494907930,GLS,352559802093,False,not in /orders/
2493796640,GLS,352559800914,False,not in /orders/
2493791320,GLS,352559800983,False,not in /orders/
2494391310,GLS,352559800952,False,not in /orders/
2494250790,GLS,352559800969,False,not in /orders/
2493943930,GLS,352559800976,False,not in /orders/
2494287150,GLS,352559801133,False,not in /orders/
2493791710,GLS,352559802048,False,not in /orders/
2494436590,GLS,352559801249,False,not in /orders/
2494472940,GLS,352559802109,False,not in /orders/
2493428630,GLS,352559800990,False,not in /orders/
2493808410,GLS,352559802116,False,not in /orders/
2494764890,GLS,352559800921,False,not in /orders/
2494739420,GLS,352559800938,False,not in /orders/
2494491140,GLS,352559800945,False,not in /orders/
2494970520,GLS,352559801164,False,not in /orders/
2494970520,GLS,352559801171,False,not in /orders/
2482201300,GLS,352559801577,False,not in /orders/
2495088490,GLS,352559801041,False,not in /orders/
2495194620,GLS,352559802147,False,not in /orders/
2495051780,GLS,352559802161,False,not in /orders/
2495064610,GLS,352559802178,False,not in /orders/
2492776490,GLS,352559801584,False,cancel request
2495274840,GLS,352559801096,False,not in /orders/
2475537280,GLS,352559801591,False,not in /orders/
2495188510,GLS,352559801119,False,not in /orders/
2459664510,GLS,352559801768,False,cancel request
2495203430,GLS,352559801621,False,not in /orders/
2493351450,GLS,352559802055,False,cancel request
2493774520,GLS,352559801874,False,not in /orders/
2493715880,GLS,352559801836,False,not in /orders/
2495019580,GLS,352559802222,False,not in /orders/
2493715880,GLS,352559801843,False,not in /orders/
2494624670,GLS,352559801959,False,not in /orders/
2495019580,GLS,352559802239,False,not in /orders/
2494690480,GLS,352559802024,False,not in /orders/
2494621920,GLS,352559802130,False,not in /orders/
2493871590,GLS,352559802154,False,not in /orders/
2488278770,GLS,352559796316,False,not in /orders/
2488218290,GLS,352559796323,False,not in /orders/
2478337660,GLS,352559798518,False,not in /orders/
2494061830,GLS,352559801898,False,not in /orders/
2494376070,GLS,352559802031,False,not in /orders/
2488805910,GLS,102986825895,False,not in /orders/
2488805910,GLS,102986825901,False,not in /orders/
2488725780,GLS,102986827325,False,not in /orders/
2488653060,GLS,143233976229,True,not in /orders/
2493181990,DPD,01345057494926,False,not in /orders/
2492870310,GLS,143233976250,True,not in /orders/
2492870730,GLS,102986825376,False,not in /orders/
2492152210,GLS,143233976779,True,not in /orders/
2493036240,GLS,102986825352,False,not in /orders/
2491310830,GLS,102986826670,False,not in /orders/
2491905750,GLS,102986826182,False,not in /orders/
2491141910,GLS,102986826694,False,not in /orders/
2491596370,GLS,102986827813,False,not in /orders/
2491548460,GLS,102986827820,False,not in /orders/
2491548460,GLS,102986827837,False,not in /orders/
2491831060,GLS,102986828025,False,not in /orders/
2491867010,GLS,102986825390,False,not in /orders/
2491801550,GLS,102986826861,False,not in /orders/
2491559630,GLS,102986826878,False,not in /orders/
2491553860,GLS,102986826885,False,not in /orders/
2491900020,GLS,102986827127,False,not in /orders/
2491668630,GLS,102986825406,False,not in /orders/
2490931730,GLS,102986826717,False,not in /orders/
2486599710,GLS,352559798402,False,not in /orders/
2492560090,GLS,102986827332,False,not in /orders/
2490463150,GLS,102986827783,False,not in /orders/
2492870730,GLS,102986825369,False,not in /orders/
2489153590,GLS,102986826779,False,not in /orders/
2490768950,GLS,102986825314,False,not in /orders/
2488032970,GLS,143233976168,True,not in /orders/
2491106990,GLS,102986826700,False,not in /orders/
2489418330,GLS,102986827097,False,not in /orders/
2493116520,GLS,102986827110,False,not in /orders/
2488976240,GLS,102986827318,False,not in /orders/
2486261680,GLS,143233976175,True,not in /orders/
2488414360,GLS,143233976137,True,not in /orders/
2488730500,GLS,143233976564,True,not in /orders/
2478926200,GLS,102986826106,False,not in /orders/
