orderId,Courier,Tracking Reference,used,description
2482600670,DPD,01345057494284,True,not in /orders/
2492268110,DPD,01345057494641,True,not in /orders/
2492268110,DPD,01345057494643,False,not in /orders/
2472542060,DPD,01345057494623,False,not in /orders/
2492878320,DPD,01345057494624,True,not in /orders/
2492932830,DPD,01345057494629,True,not in /orders/
2481955220,DPD,01345057494280,True,not in /orders/
2490647870,GLS,352559791922,True,not in /orders/
2490647870,GLS,352559791939,False,not in /orders/
2469728950,GLS,352559795104,True,not in /orders/
2485824660,GLS,102986818934,True,not in /orders/
2477378120,DPD,01345057494571,False,not in /orders/
2476730350,DPD,01345057494524,True,not in /orders/
2490205270,DPD,01345057494573,True,not in /orders/
2486751530,DPD,01345057494526,True,not in /orders/
2493063990,DPD,01345057494527,True,not in /orders/
2491773570,DPD,01345057494552,True,not in /orders/
2491773570,DPD,01345057494553,False,not in /orders/
2491709300,DPD,01345057494574,True,not in /orders/
2490583810,DPD,01345057494532,True,not in /orders/
2488177640,DPD,01345057494541,True,not in /orders/
2488395850,DPD,01345057494542,True,not in /orders/
2491336240,DPD,01345057494577,True,not in /orders/
2489729660,DPD,01345057494578,True,not in /orders/
2488508610,DPD,01345057494550,True,not in /orders/
2491044550,DPD,01345057494590,True,not in /orders/
2491069490,DPD,01345057494591,True,not in /orders/
2490805560,DPD,01345057494559,True,not in /orders/
2489164710,DPD,01345057494597,True,not in /orders/
2490570800,DPD,01345057494598,True,not in /orders/
2488658950,DPD,01345057494600,True,not in /orders/
2490556820,DPD,01345057494620,True,not in /orders/
2489641870,DPD,01345057494563,True,not in /orders/
2492317180,DPD,01345057494621,True,not in /orders/
2490705720,DPD,01345057494488,True,not in /orders/
2411849130,DPD,01345057494605,True,not in /orders/
2493240210,DPD,01345057494489,True,not in /orders/
2490146130,DPD,01345057494491,True,not in /orders/
2491387420,DPD,01345057494609,True,not in /orders/
2489986840,DPD,01345057494493,True,not in /orders/
2492550620,DPD,01345057494612,True,not in /orders/
2488830610,DPD,01345057494613,True,not in /orders/
2489550780,DPD,01345057494498,True,not in /orders/
2488799320,DPD,01345057494499,True,not in /orders/
2489589080,DPD,01345057494618,True,not in /orders/
2488553720,DPD,01345057494500,True,not in /orders/
2490106540,DPD,01345057494502,True,not in /orders/
2491148280,DPD,01345057494466,True,not in /orders/
2491136380,GLS,352559794602,True,not in /orders/
2482735300,GLS,102986823150,True,not in /orders/
2482735300,GLS,102986823167,False,not in /orders/
2486265500,GLS,102986823303,True,not in /orders/
2483091830,GLS,102986823587,True,not in /orders/
2484980860,GLS,102986824539,True,not in /orders/
2484511140,GLS,102986824553,True,not in /orders/
2476875420,GLS,102986824096,False,not in /orders/
2470924720,GLS,102986824522,False,not in /orders/
2484896850,GLS,102986824546,True,not in /orders/
2485267070,GLS,102986824706,True,not in /orders/
2485267070,GLS,102986824713,False,not in /orders/
2487090540,GLS,102986824737,True,not in /orders/
2487046490,GLS,102986824744,True,not in /orders/
2483199900,GLS,102986823143,True,not in /orders/
2485893610,GLS,102986824676,True,not in /orders/
2490588390,DPD,01345057494788,True,not in /orders/
2485838720,GLS,102986824683,True,not in /orders/
2490136480,DPD,01345057494468,True,not in /orders/
2485223000,GLS,102986824720,True,not in /orders/
2489377980,DPD,01345057494625,True,not in /orders/
2489333590,DPD,01345057494453,True,not in /orders/
2489399130,DPD,01345057494640,True,not in /orders/
2489316960,DPD,01345057494638,True,not in /orders/
2485905560,DPD,01345057494654,True,not in /orders/
2485905560,DPD,01345057494655,False,not in /orders/
2475240500,GLS,102986824515,True,not in /orders/
2491059480,DPD,01345057494661,True,not in /orders/
2491059480,DPD,01345057494662,False,not in /orders/
2492809150,DPD,01345057494663,True,not in /orders/
2492809150,DPD,01345057494664,False,not in /orders/
2491822870,DPD,01345057494665,True,not in /orders/
2487979310,DPD,01345057494806,True,not in /orders/
2487979310,DPD,01345057494807,False,not in /orders/
2484699580,GLS,102986823709,True,not in /orders/
2453401640,GLS,102986824065,True,not in /orders/
2482170630,GLS,102986824089,True,not in /orders/
2483999300,GLS,102986824560,True,not in /orders/
2487470200,GLS,102986823341,True,not in /orders/
2487301880,GLS,102986823358,True,not in /orders/
2487301880,GLS,102986823365,False,not in /orders/
2487010910,GLS,102986824751,True,not in /orders/
2492229800,DPD,01345057494845,True,not in /orders/
2492475530,DPD,01345057494846,True,not in /orders/
2490260520,DPD,01345057494847,True,not in /orders/
2488486700,DPD,01345057494848,True,not in /orders/
2490260520,DPD,01345057494849,False,not in /orders/
2488486700,DPD,01345057494851,False,not in /orders/
2489220830,DPD,01345057494637,True,not in /orders/
2484513430,GLS,352559784771,True,not in /orders/
2484069410,GLS,102986823242,True,not in /orders/
2487550310,GLS,352559784887,True,not in /orders/
2487314480,GLS,352559784900,True,not in /orders/
2483069800,GLS,352559785495,True,not in /orders/
2486426370,GLS,352559790604,True,not in /orders/
2384952980,GLS,352559790376,True,not in /orders/
2487146320,GLS,352559790383,True,not in /orders/
2483323480,GLS,352559791588,True,not in /orders/
2485321980,GLS,102986824690,True,not in /orders/
2482565780,GLS,102986824072,True,not in /orders/
2482742020,GLS,102986824331,True,not in /orders/
2486291540,GLS,102986818927,True,not in /orders/
2482055550,GLS,102986823310,True,not in /orders/
2482055550,GLS,102986823327,False,not in /orders/
2476859260,GLS,352559788755,False,not in /orders/
2484069410,GLS,102986823235,False,not in /orders/
2453401640,GLS,102986824058,False,not in /orders/
2489069220,DPD,01345057494454,True,not in /orders/
2488510580,DPD,01345057494639,True,not in /orders/
2487648600,GLS,352559790390,True,not in /orders/
2493279780,DPD,01345057494633,True,not in /orders/
2492783540,DPD,01345057494631,True,not in /orders/
2492275580,DPD,01345057494622,True,not in /orders/
2492156010,DPD,01345057494626,True,not in /orders/
2492096780,DPD,01345057494630,True,not in /orders/
2492109520,DPD,01345057494758,True,not in /orders/
2492005070,DPD,01345057494642,True,not in /orders/
2492081770,DPD,01345057494636,True,not in /orders/
2491900910,DPD,01345057494635,True,not in /orders/
2491977340,DPD,01345057494627,True,not in /orders/
2491977340,DPD,01345057494628,False,not in /orders/
2491577530,GLS,352559791465,True,not in /orders/
2489828450,DPD,01345057494440,True,not in /orders/
2491193050,DPD,01345057494446,True,not in /orders/
2491384710,DPD,01345057494441,True,not in /orders/
2491123350,DPD,01345057494442,True,not in /orders/
2490365820,DPD,01345057494447,True,not in /orders/
2490262940,DPD,01345057494443,True,not in /orders/
2490236870,DPD,01345057494444,True,not in /orders/
2490236870,DPD,01345057494445,False,not in /orders/
2490815620,DPD,01345057494455,True,not in /orders/
2492452540,DPD,01345057494469,True,not in /orders/
2490149950,DPD,01345057494448,True,not in /orders/
2491480740,DPD,01345057494450,True,not in /orders/
2490247860,DPD,01345057494452,True,not in /orders/
2490900630,DPD,01345057494458,True,not in /orders/
2492932200,DPD,01345057494461,True,not in /orders/
2492564600,DPD,01345057494511,True,not in /orders/
2492930520,DPD,01345057494462,True,not in /orders/
2491907550,DPD,01345057494463,True,not in /orders/
2489255690,DPD,01345057494460,True,not in /orders/
2490281000,DPD,01345057494467,True,not in /orders/
2492270400,DPD,01345057494470,True,not in /orders/
2489475450,DPD,01345057494449,True,not in /orders/
2488987100,DPD,01345057494451,True,not in /orders/
2489155620,DPD,01345057494456,True,not in /orders/
2489240280,DPD,01345057494457,True,not in /orders/
2489280130,DPD,01345057494459,True,not in /orders/
2324319220,GLS,352559790635,True,not in /orders/
2492945160,DPD,01345057494790,True,not in /orders/
2492266910,DPD,01345057494791,True,not in /orders/
2490385580,DPD,01345057494472,True,not in /orders/
2493149410,DPD,01345057494473,True,not in /orders/
2493043010,DPD,01345057494474,True,not in /orders/
2492579700,DPD,01345057494475,True,not in /orders/
2493148240,DPD,01345057494479,True,not in /orders/
2493078620,DPD,01345057494480,True,not in /orders/
2492627300,DPD,01345057494481,True,not in /orders/
2491819800,DPD,01345057494482,True,not in /orders/
2492615360,DPD,01345057494485,True,not in /orders/
2491820580,DPD,01345057494486,True,not in /orders/
2493154810,DPD,01345057494490,True,not in /orders/
2491721780,DPD,01345057494492,True,not in /orders/
2492276450,DPD,01345057494501,True,not in /orders/
2489931430,DPD,01345057494476,True,not in /orders/
2489059970,DPD,01345057494483,True,not in /orders/
2489378340,DPD,01345057494487,True,not in /orders/
2490944430,DPD,01345057494507,True,not in /orders/
2477372900,DPD,01345057494508,True,not in /orders/
2491643630,DPD,01345057494514,True,not in /orders/
2438241800,DPD,01345057494592,False,not in /orders/
2488953570,DPD,01345057494516,True,not in /orders/
2488953570,DPD,01345057494517,False,not in /orders/
2482804170,GLS,102986824324,True,not in /orders/
2476725790,GLS,352559785266,False,not in /orders/
