orderItemId,ean,cancelRequest,quantity,orderId,dateTimeOrderPlaced,countryCode,Courier,Tracking Reference,sent,status,description,shipmentid
2285668551,0649106506377,False,1,2484511140,2019-08-13T19:06:29+02:00,NL,GLS,102986824553,True,PENDING,Confirm shipment for order item 2285668551.,
2285541965,0669145851702,False,2,2484069410,2019-08-13T15:17:13+02:00,NL,GLS,102986823242,True,PENDING,Confirm shipment for order item 2285541965.,
2285524105,0669145852495,False,1,2483999300,2019-08-13T14:45:25+02:00,NL,GLS,102986824560,True,PENDING,Confirm shipment for order item 2285524105.,
2285290972,0669145852488,False,1,2483199900,2019-08-12T23:12:28+02:00,NL,GLS,102986823143,True,PENDING,Confirm shipment for order item 2285290972.,
2285256178,0649106508982,False,1,2483091830,2019-08-12T22:17:22+02:00,NL,GLS,102986823587,True,PENDING,Confirm shipment for order item 2285256178.,
2285249485,0669145853010,False,1,2483069800,2019-08-12T22:08:46+02:00,NL,GLS,352559785495,True,PENDING,Confirm shipment for order item 2285249485.,
2285168236,0669145852495,False,1,2482804170,2019-08-12T20:34:07+02:00,NL,GLS,102986824324,True,PENDING,Confirm shipment for order item 2285168236.,
2285150881,0669145851702,False,2,2482735300,2019-08-12T20:11:59+02:00,NL,GLS,102986823150,True,PENDING,Confirm shipment for order item 2285150881.,
2285149720,0669145852495,False,1,2482742020,2019-08-12T20:10:35+02:00,NL,GLS,102986824331,True,PENDING,Confirm shipment for order item 2285149720.,
2285106849,0669145853096,False,1,2482600670,2019-08-12T19:12:38+02:00,NL,DPD-NL,01345057494284,True,PENDING,Confirm shipment for order item 2285106849.,
2285098507,0669145852495,False,1,2482565780,2019-08-12T18:59:47+02:00,NL,GLS,102986824072,True,PENDING,Confirm shipment for order item 2285098507.,
2284985387,0669145852495,False,1,2482170630,2019-08-12T15:49:10+02:00,NL,GLS,102986824089,True,PENDING,Confirm shipment for order item 2284985387.,
2284922507,0669145853096,False,1,2481955220,2019-08-12T14:06:44+02:00,NL,DPD-NL,01345057494280,True,PENDING,Confirm shipment for order item 2284922507.,
2283578743,0669145852495,False,2,2453401640,2019-08-09T12:00:25+02:00,NL,GLS,102986824065,True,PENDING,Confirm shipment for order item 2283578743.,
