orderId,Courier,Tracking Reference,used,description
2606837320,GLS,102986859463,False,not in /orders/
2606837320,GLS,102986859470,False,not in /orders/
2589099090,DPD,01345057501394,False,not in /orders/
2605564580,DPD,01345057501483,False,not in /orders/
2605998620,DPD,01345057501477,False,not in /orders/
2606629180,DPD,01345057501479,False,not in /orders/
2568744540,DPD,01345057501382,False,not in /orders/
2605560230,DPD,01345057501510,False,not in /orders/
2604878670,DPD,01345057501497,False,not in /orders/
2577314950,DPD,01345057501509,False,not in /orders/
2606697250,GLS,143234006512,False,not in /orders/
2606697250,GLS,143234006529,False,not in /orders/
2604204280,DPD,01345057501513,False,not in /orders/
2606300370,GLS,143234006536,False,not in /orders/
2602746830,DPD,01345057501520,False,not in /orders/
2603296860,DPD,01345057501523,False,not in /orders/
2601178610,GLS,102986859050,False,not in /orders/
2601131820,GLS,102986859067,False,not in /orders/
2599680160,GLS,102986859074,False,not in /orders/
2607159620,DPD,01345057501507,False,not in /orders/
2607186780,DPD,01345057501536,False,not in /orders/
2606348030,DPD,01345057501508,False,not in /orders/
2602874740,DPD,01345057501524,False,not in /orders/
2605292590,DPD,01345057501530,False,not in /orders/
2575655420,DPD,01345057501535,False,not in /orders/
2602717010,DPD,01345057501544,False,not in /orders/
2607571670,DPD,01345057501554,False,not in /orders/
2602601200,DPD,01345057501545,False,not in /orders/
2604092230,DPD,01345057501546,False,not in /orders/
2605482270,GLS,352560006879,False,not in /orders/
2606184870,DPD,01345057501549,False,not in /orders/
2605563790,GLS,352560006886,False,not in /orders/
2606455320,GLS,352560006893,False,not in /orders/
2602818550,GLS,352560006848,False,not in /orders/
2602818550,GLS,352560006855,False,not in /orders/
2605749690,GLS,352560006862,False,not in /orders/
2605072400,DPD,01345057501550,False,not in /orders/
2605009410,DPD,01345057501553,False,not in /orders/
2607724020,DPD,01345057501557,False,not in /orders/
2570739100,GLS,352560004448,False,not in /orders/
2601510370,GLS,352560005070,False,not in /orders/
2601843740,GLS,352560005087,False,not in /orders/
2601251010,GLS,352560005056,False,not in /orders/
2599856630,GLS,352560005063,False,cancel request
2601838170,DPD,01345057501404,False,not in /orders/
2601683250,GLS,102986859098,False,not in /orders/
2602317450,GLS,102986859081,False,not in /orders/
2604819640,GLS,102986859241,False,not in /orders/
2604718630,GLS,102986859258,False,not in /orders/
2591739160,GLS,352560006381,False,not in /orders/
2606238190,DPD,01345057501534,False,not in /orders/
2606249840,GLS,143234006147,False,not in /orders/
2606234300,GLS,143234006321,False,not in /orders/
2606124970,GLS,102986859197,False,not in /orders/
2605766100,DPD,01345057501410,False,not in /orders/
2605840700,GLS,102986859203,False,not in /orders/
2605964000,GLS,143234006291,False,not in /orders/
2605663000,GLS,102986859210,False,not in /orders/
2605623140,GLS,143234006338,False,not in /orders/
2605302220,GLS,102986859227,False,not in /orders/
2605185830,DPD,01345057501460,False,not in /orders/
2605172010,GLS,143234006437,False,not in /orders/
2605052330,GLS,102986859234,False,not in /orders/
2604803750,GLS,143234006154,False,not in /orders/
2605146170,DPD,01345057501459,False,not in /orders/
2604978080,DPD,01345057501447,False,not in /orders/
2604702120,GLS,102986859265,False,not in /orders/
2604328420,GLS,143234006178,False,not in /orders/
2604655330,GLS,102986859272,False,not in /orders/
2604620530,GLS,143234006161,False,not in /orders/
2604431550,GLS,143234006345,False,not in /orders/
2604405230,GLS,102986859289,False,not in /orders/
2604192980,GLS,143234006307,False,not in /orders/
2604260340,GLS,143234006352,False,not in /orders/
2604260260,DPD,01345057501438,False,not in /orders/
2604073350,DPD,01345057501461,False,not in /orders/
2603803860,GLS,102986859302,False,not in /orders/
2603853630,DPD,01345057501450,False,not in /orders/
2604055960,GLS,143234006369,False,not in /orders/
2604046310,GLS,143234006444,False,not in /orders/
2603857840,GLS,102986859296,False,not in /orders/
2603833190,GLS,143234006376,False,not in /orders/
2603675710,DPD,01345057501436,False,not in /orders/
2603403100,GLS,143234006185,False,not in /orders/
2603735110,DPD,01345057501527,False,not in /orders/
2603136520,GLS,143234006192,False,not in /orders/
2602891660,GLS,102986859319,False,not in /orders/
2602932250,DPD,01345057501532,False,not in /orders/
2603103930,DPD,01345057501413,False,not in /orders/
2602839920,GLS,102986859326,False,not in /orders/
2603113780,DPD,01345057501412,False,not in /orders/
2602968340,DPD,01345057501533,False,not in /orders/
2602597580,GLS,102986859340,False,not in /orders/
2602820100,GLS,102986859333,False,not in /orders/
2603136030,DPD,01345057501562,False,not in /orders/
2602611400,GLS,143234006383,False,not in /orders/
2589316280,GLS,102986859357,False,not in /orders/
2520462610,DPD,01345057501451,False,not in /orders/
2562803150,GLS,102986859364,False,not in /orders/
2597102320,GLS,143234006390,False,not in /orders/
2591774590,GLS,143234006451,False,not in /orders/
2597850640,GLS,143234006475,False,cancel request
2548005360,DPD,01345057501415,False,not in /orders/
2470337250,GLS,102986859371,False,not in /orders/
2231596410,DPD,01345057501448,False,not in /orders/
2490950480,GLS,143234006208,False,not in /orders/
2527593650,GLS,143234006314,False,not in /orders/
2607742240,GLS,102986859418,False,not in /orders/
2607521010,DPD,01345057501441,False,not in /orders/
2607124380,DPD,01345057501431,False,not in /orders/
2607480660,GLS,102986859425,False,not in /orders/
2607231270,GLS,102986859432,False,not in /orders/
2607112550,DPD,01345057501526,False,not in /orders/
2607241890,GLS,143234006246,False,not in /orders/
2607460980,DPD,01345057501430,False,not in /orders/
2606894980,DPD,01345057501469,False,not in /orders/
2607025660,DPD,01345057501449,False,not in /orders/
2607235380,GLS,143234006253,False,not in /orders/
2606853060,GLS,102986859456,False,not in /orders/
2606941170,DPD,01345057501434,False,not in /orders/
2606885440,GLS,143234006468,False,not in /orders/
2607005700,GLS,143234006260,False,not in /orders/
2606971360,GLS,102986859449,False,not in /orders/
2606940170,GLS,143234006277,False,not in /orders/
2606697710,GLS,102986859487,False,not in /orders/
2606671670,DPD,01345057501414,False,not in /orders/
2606382310,GLS,102986859494,False,not in /orders/
2606636420,GLS,143234006420,False,not in /orders/
2606647580,DPD,01345057501470,False,not in /orders/
2606575910,GLS,143234006284,False,not in /orders/
2606355840,GLS,102986859500,False,not in /orders/
